[
  {
    "fileName": "oceano_card_001.webp",
    "theme": "oceano",
    "originalPath": "C:\\Proyectos\\MemoFlip\\memoflip-nextjs\\public\\themes\\001_oceano\\card_001.webp"
  },
  {
    "fileName": "oceano_card_002.webp",
    "theme": "oceano",
    "originalPath": "C:\\Proyectos\\MemoFlip\\memoflip-nextjs\\public\\themes\\001_oceano\\card_002.webp"
  },
  {
    "fileName": "oceano_card_003.webp",
    "theme": "oceano",
    "originalPath": "C:\\Proyectos\\MemoFlip\\memoflip-nextjs\\public\\themes\\001_oceano\\card_003.webp"
  },
  {
    "fileName": "oceano_card_004.png",
    "theme": "oceano",
    "originalPath": "C:\\Proyectos\\MemoFlip\\memoflip-nextjs\\public\\themes\\001_oceano\\card_004.png"
  },
  {
    "fileName": "oceano_card_005.png",
    "theme": "oceano",
    "originalPath": "C:\\Proyectos\\MemoFlip\\memoflip-nextjs\\public\\themes\\001_oceano\\card_005.png"
  },
  {
    "fileName": "oceano_card_006.png",
    "theme": "oceano",
    "originalPath": "C:\\Proyectos\\MemoFlip\\memoflip-nextjs\\public\\themes\\001_oceano\\card_006.png"
  },
  {
    "fileName": "oceano_card_007.png",
    "theme": "oceano",
    "originalPath": "C:\\Proyectos\\MemoFlip\\memoflip-nextjs\\public\\themes\\001_oceano\\card_007.png"
  },
  {
    "fileName": "oceano_card_008.png",
    "theme": "oceano",
    "originalPath": "C:\\Proyectos\\MemoFlip\\memoflip-nextjs\\public\\themes\\001_oceano\\card_008.png"
  },
  {
    "fileName": "caramelo_card_001.webp",
    "theme": "caramelo",
    "originalPath": "C:\\Proyectos\\MemoFlip\\memoflip-nextjs\\public\\themes\\002_caramelo\\card_001.webp"
  },
  {
    "fileName": "caramelo_card_002.webp",
    "theme": "caramelo",
    "originalPath": "C:\\Proyectos\\MemoFlip\\memoflip-nextjs\\public\\themes\\002_caramelo\\card_002.webp"
  },
  {
    "fileName": "caramelo_card_003.webp",
    "theme": "caramelo",
    "originalPath": "C:\\Proyectos\\MemoFlip\\memoflip-nextjs\\public\\themes\\002_caramelo\\card_003.webp"
  },
  {
    "fileName": "caramelo_card_004.webp",
    "theme": "caramelo",
    "originalPath": "C:\\Proyectos\\MemoFlip\\memoflip-nextjs\\public\\themes\\002_caramelo\\card_004.webp"
  },
  {
    "fileName": "caramelo_card_005.webp",
    "theme": "caramelo",
    "originalPath": "C:\\Proyectos\\MemoFlip\\memoflip-nextjs\\public\\themes\\002_caramelo\\card_005.webp"
  },
  {
    "fileName": "caramelo_card_006.webp",
    "theme": "caramelo",
    "originalPath": "C:\\Proyectos\\MemoFlip\\memoflip-nextjs\\public\\themes\\002_caramelo\\card_006.webp"
  },
  {
    "fileName": "caramelo_card_007.webp",
    "theme": "caramelo",
    "originalPath": "C:\\Proyectos\\MemoFlip\\memoflip-nextjs\\public\\themes\\002_caramelo\\card_007.webp"
  },
  {
    "fileName": "caramelo_card_008.webp",
    "theme": "caramelo",
    "originalPath": "C:\\Proyectos\\MemoFlip\\memoflip-nextjs\\public\\themes\\002_caramelo\\card_008.webp"
  },
  {
    "fileName": "caramelo_card_009.webp",
    "theme": "caramelo",
    "originalPath": "C:\\Proyectos\\MemoFlip\\memoflip-nextjs\\public\\themes\\002_caramelo\\card_009.webp"
  },
  {
    "fileName": "caramelo_card_010.webp",
    "theme": "caramelo",
    "originalPath": "C:\\Proyectos\\MemoFlip\\memoflip-nextjs\\public\\themes\\002_caramelo\\card_010.webp"
  },
  {
    "fileName": "caramelo_card_011.webp",
    "theme": "caramelo",
    "originalPath": "C:\\Proyectos\\MemoFlip\\memoflip-nextjs\\public\\themes\\002_caramelo\\card_011.webp"
  },
  {
    "fileName": "caramelo_card_012.webp",
    "theme": "caramelo",
    "originalPath": "C:\\Proyectos\\MemoFlip\\memoflip-nextjs\\public\\themes\\002_caramelo\\card_012.webp"
  },
  {
    "fileName": "caramelo_card_013.webp",
    "theme": "caramelo",
    "originalPath": "C:\\Proyectos\\MemoFlip\\memoflip-nextjs\\public\\themes\\002_caramelo\\card_013.webp"
  },
  {
    "fileName": "caramelo_card_014.webp",
    "theme": "caramelo",
    "originalPath": "C:\\Proyectos\\MemoFlip\\memoflip-nextjs\\public\\themes\\002_caramelo\\card_014.webp"
  },
  {
    "fileName": "caramelo_card_015.webp",
    "theme": "caramelo",
    "originalPath": "C:\\Proyectos\\MemoFlip\\memoflip-nextjs\\public\\themes\\002_caramelo\\card_015.webp"
  },
  {
    "fileName": "caramelo_card_016.webp",
    "theme": "caramelo",
    "originalPath": "C:\\Proyectos\\MemoFlip\\memoflip-nextjs\\public\\themes\\002_caramelo\\card_016.webp"
  },
  {
    "fileName": "caramelo_card_017.webp",
    "theme": "caramelo",
    "originalPath": "C:\\Proyectos\\MemoFlip\\memoflip-nextjs\\public\\themes\\002_caramelo\\card_017.webp"
  },
  {
    "fileName": "caramelo_card_018.webp",
    "theme": "caramelo",
    "originalPath": "C:\\Proyectos\\MemoFlip\\memoflip-nextjs\\public\\themes\\002_caramelo\\card_018.webp"
  },
  {
    "fileName": "caramelo_card_019.webp",
    "theme": "caramelo",
    "originalPath": "C:\\Proyectos\\MemoFlip\\memoflip-nextjs\\public\\themes\\002_caramelo\\card_019.webp"
  },
  {
    "fileName": "caramelo_card_020.webp",
    "theme": "caramelo",
    "originalPath": "C:\\Proyectos\\MemoFlip\\memoflip-nextjs\\public\\themes\\002_caramelo\\card_020.webp"
  },
  {
    "fileName": "caramelo_card_021.webp",
    "theme": "caramelo",
    "originalPath": "C:\\Proyectos\\MemoFlip\\memoflip-nextjs\\public\\themes\\002_caramelo\\card_021.webp"
  },
  {
    "fileName": "caramelo_card_022.webp",
    "theme": "caramelo",
    "originalPath": "C:\\Proyectos\\MemoFlip\\memoflip-nextjs\\public\\themes\\002_caramelo\\card_022.webp"
  },
  {
    "fileName": "caramelo_card_023.webp",
    "theme": "caramelo",
    "originalPath": "C:\\Proyectos\\MemoFlip\\memoflip-nextjs\\public\\themes\\002_caramelo\\card_023.webp"
  },
  {
    "fileName": "caramelo_card_024.webp",
    "theme": "caramelo",
    "originalPath": "C:\\Proyectos\\MemoFlip\\memoflip-nextjs\\public\\themes\\002_caramelo\\card_024.webp"
  },
  {
    "fileName": "caramelo_card_025.webp",
    "theme": "caramelo",
    "originalPath": "C:\\Proyectos\\MemoFlip\\memoflip-nextjs\\public\\themes\\002_caramelo\\card_025.webp"
  },
  {
    "fileName": "caramelo_card_026.webp",
    "theme": "caramelo",
    "originalPath": "C:\\Proyectos\\MemoFlip\\memoflip-nextjs\\public\\themes\\002_caramelo\\card_026.webp"
  },
  {
    "fileName": "caramelo_card_027.webp",
    "theme": "caramelo",
    "originalPath": "C:\\Proyectos\\MemoFlip\\memoflip-nextjs\\public\\themes\\002_caramelo\\card_027.webp"
  },
  {
    "fileName": "caramelo_card_028.webp",
    "theme": "caramelo",
    "originalPath": "C:\\Proyectos\\MemoFlip\\memoflip-nextjs\\public\\themes\\002_caramelo\\card_028.webp"
  },
  {
    "fileName": "caramelo_card_029.webp",
    "theme": "caramelo",
    "originalPath": "C:\\Proyectos\\MemoFlip\\memoflip-nextjs\\public\\themes\\002_caramelo\\card_029.webp"
  },
  {
    "fileName": "isla_card_001.webp",
    "theme": "isla",
    "originalPath": "C:\\Proyectos\\MemoFlip\\memoflip-nextjs\\public\\themes\\003_isla\\card_001.webp"
  },
  {
    "fileName": "isla_card_002.webp",
    "theme": "isla",
    "originalPath": "C:\\Proyectos\\MemoFlip\\memoflip-nextjs\\public\\themes\\003_isla\\card_002.webp"
  },
  {
    "fileName": "isla_card_003.webp",
    "theme": "isla",
    "originalPath": "C:\\Proyectos\\MemoFlip\\memoflip-nextjs\\public\\themes\\003_isla\\card_003.webp"
  },
  {
    "fileName": "isla_card_004.webp",
    "theme": "isla",
    "originalPath": "C:\\Proyectos\\MemoFlip\\memoflip-nextjs\\public\\themes\\003_isla\\card_004.webp"
  },
  {
    "fileName": "isla_card_005.webp",
    "theme": "isla",
    "originalPath": "C:\\Proyectos\\MemoFlip\\memoflip-nextjs\\public\\themes\\003_isla\\card_005.webp"
  },
  {
    "fileName": "isla_card_006.webp",
    "theme": "isla",
    "originalPath": "C:\\Proyectos\\MemoFlip\\memoflip-nextjs\\public\\themes\\003_isla\\card_006.webp"
  },
  {
    "fileName": "isla_card_007.webp",
    "theme": "isla",
    "originalPath": "C:\\Proyectos\\MemoFlip\\memoflip-nextjs\\public\\themes\\003_isla\\card_007.webp"
  },
  {
    "fileName": "isla_card_008.webp",
    "theme": "isla",
    "originalPath": "C:\\Proyectos\\MemoFlip\\memoflip-nextjs\\public\\themes\\003_isla\\card_008.webp"
  },
  {
    "fileName": "isla_card_009.webp",
    "theme": "isla",
    "originalPath": "C:\\Proyectos\\MemoFlip\\memoflip-nextjs\\public\\themes\\003_isla\\card_009.webp"
  },
  {
    "fileName": "isla_card_010.webp",
    "theme": "isla",
    "originalPath": "C:\\Proyectos\\MemoFlip\\memoflip-nextjs\\public\\themes\\003_isla\\card_010.webp"
  },
  {
    "fileName": "isla_card_011.webp",
    "theme": "isla",
    "originalPath": "C:\\Proyectos\\MemoFlip\\memoflip-nextjs\\public\\themes\\003_isla\\card_011.webp"
  },
  {
    "fileName": "isla_card_012.webp",
    "theme": "isla",
    "originalPath": "C:\\Proyectos\\MemoFlip\\memoflip-nextjs\\public\\themes\\003_isla\\card_012.webp"
  },
  {
    "fileName": "isla_card_013.webp",
    "theme": "isla",
    "originalPath": "C:\\Proyectos\\MemoFlip\\memoflip-nextjs\\public\\themes\\003_isla\\card_013.webp"
  },
  {
    "fileName": "isla_card_014.webp",
    "theme": "isla",
    "originalPath": "C:\\Proyectos\\MemoFlip\\memoflip-nextjs\\public\\themes\\003_isla\\card_014.webp"
  },
  {
    "fileName": "isla_card_015.webp",
    "theme": "isla",
    "originalPath": "C:\\Proyectos\\MemoFlip\\memoflip-nextjs\\public\\themes\\003_isla\\card_015.webp"
  },
  {
    "fileName": "isla_card_016.webp",
    "theme": "isla",
    "originalPath": "C:\\Proyectos\\MemoFlip\\memoflip-nextjs\\public\\themes\\003_isla\\card_016.webp"
  },
  {
    "fileName": "isla_card_017.webp",
    "theme": "isla",
    "originalPath": "C:\\Proyectos\\MemoFlip\\memoflip-nextjs\\public\\themes\\003_isla\\card_017.webp"
  },
  {
    "fileName": "isla_card_018.webp",
    "theme": "isla",
    "originalPath": "C:\\Proyectos\\MemoFlip\\memoflip-nextjs\\public\\themes\\003_isla\\card_018.webp"
  },
  {
    "fileName": "isla_card_019.webp",
    "theme": "isla",
    "originalPath": "C:\\Proyectos\\MemoFlip\\memoflip-nextjs\\public\\themes\\003_isla\\card_019.webp"
  },
  {
    "fileName": "isla_card_020.webp",
    "theme": "isla",
    "originalPath": "C:\\Proyectos\\MemoFlip\\memoflip-nextjs\\public\\themes\\003_isla\\card_020.webp"
  },
  {
    "fileName": "isla_card_021.webp",
    "theme": "isla",
    "originalPath": "C:\\Proyectos\\MemoFlip\\memoflip-nextjs\\public\\themes\\003_isla\\card_021.webp"
  },
  {
    "fileName": "isla_card_022.webp",
    "theme": "isla",
    "originalPath": "C:\\Proyectos\\MemoFlip\\memoflip-nextjs\\public\\themes\\003_isla\\card_022.webp"
  },
  {
    "fileName": "isla_card_023.webp",
    "theme": "isla",
    "originalPath": "C:\\Proyectos\\MemoFlip\\memoflip-nextjs\\public\\themes\\003_isla\\card_023.webp"
  },
  {
    "fileName": "isla_card_024.webp",
    "theme": "isla",
    "originalPath": "C:\\Proyectos\\MemoFlip\\memoflip-nextjs\\public\\themes\\003_isla\\card_024.webp"
  },
  {
    "fileName": "isla_card_025.webp",
    "theme": "isla",
    "originalPath": "C:\\Proyectos\\MemoFlip\\memoflip-nextjs\\public\\themes\\003_isla\\card_025.webp"
  },
  {
    "fileName": "isla_card_026.webp",
    "theme": "isla",
    "originalPath": "C:\\Proyectos\\MemoFlip\\memoflip-nextjs\\public\\themes\\003_isla\\card_026.webp"
  },
  {
    "fileName": "isla_card_027.webp",
    "theme": "isla",
    "originalPath": "C:\\Proyectos\\MemoFlip\\memoflip-nextjs\\public\\themes\\003_isla\\card_027.webp"
  },
  {
    "fileName": "isla_card_028.webp",
    "theme": "isla",
    "originalPath": "C:\\Proyectos\\MemoFlip\\memoflip-nextjs\\public\\themes\\003_isla\\card_028.webp"
  },
  {
    "fileName": "isla_card_029.webp",
    "theme": "isla",
    "originalPath": "C:\\Proyectos\\MemoFlip\\memoflip-nextjs\\public\\themes\\003_isla\\card_029.webp"
  },
  {
    "fileName": "isla_card_030.webp",
    "theme": "isla",
    "originalPath": "C:\\Proyectos\\MemoFlip\\memoflip-nextjs\\public\\themes\\003_isla\\card_030.webp"
  },
  {
    "fileName": "bosque_card_001.png",
    "theme": "bosque",
    "originalPath": "C:\\Proyectos\\MemoFlip\\memoflip-nextjs\\public\\themes\\004_bosque\\card_001.png"
  },
  {
    "fileName": "bosque_card_002.png",
    "theme": "bosque",
    "originalPath": "C:\\Proyectos\\MemoFlip\\memoflip-nextjs\\public\\themes\\004_bosque\\card_002.png"
  },
  {
    "fileName": "bosque_card_003.png",
    "theme": "bosque",
    "originalPath": "C:\\Proyectos\\MemoFlip\\memoflip-nextjs\\public\\themes\\004_bosque\\card_003.png"
  },
  {
    "fileName": "bosque_card_004.png",
    "theme": "bosque",
    "originalPath": "C:\\Proyectos\\MemoFlip\\memoflip-nextjs\\public\\themes\\004_bosque\\card_004.png"
  },
  {
    "fileName": "bosque_card_005.png",
    "theme": "bosque",
    "originalPath": "C:\\Proyectos\\MemoFlip\\memoflip-nextjs\\public\\themes\\004_bosque\\card_005.png"
  },
  {
    "fileName": "bosque_card_006.png",
    "theme": "bosque",
    "originalPath": "C:\\Proyectos\\MemoFlip\\memoflip-nextjs\\public\\themes\\004_bosque\\card_006.png"
  },
  {
    "fileName": "bosque_card_007.png",
    "theme": "bosque",
    "originalPath": "C:\\Proyectos\\MemoFlip\\memoflip-nextjs\\public\\themes\\004_bosque\\card_007.png"
  },
  {
    "fileName": "bosque_card_008.png",
    "theme": "bosque",
    "originalPath": "C:\\Proyectos\\MemoFlip\\memoflip-nextjs\\public\\themes\\004_bosque\\card_008.png"
  },
  {
    "fileName": "bosque_card_009.png",
    "theme": "bosque",
    "originalPath": "C:\\Proyectos\\MemoFlip\\memoflip-nextjs\\public\\themes\\004_bosque\\card_009.png"
  },
  {
    "fileName": "bosque_card_010.png",
    "theme": "bosque",
    "originalPath": "C:\\Proyectos\\MemoFlip\\memoflip-nextjs\\public\\themes\\004_bosque\\card_010.png"
  },
  {
    "fileName": "bosque_card_011.png",
    "theme": "bosque",
    "originalPath": "C:\\Proyectos\\MemoFlip\\memoflip-nextjs\\public\\themes\\004_bosque\\card_011.png"
  },
  {
    "fileName": "bosque_card_012.png",
    "theme": "bosque",
    "originalPath": "C:\\Proyectos\\MemoFlip\\memoflip-nextjs\\public\\themes\\004_bosque\\card_012.png"
  },
  {
    "fileName": "bosque_card_013.png",
    "theme": "bosque",
    "originalPath": "C:\\Proyectos\\MemoFlip\\memoflip-nextjs\\public\\themes\\004_bosque\\card_013.png"
  },
  {
    "fileName": "bosque_card_014.png",
    "theme": "bosque",
    "originalPath": "C:\\Proyectos\\MemoFlip\\memoflip-nextjs\\public\\themes\\004_bosque\\card_014.png"
  },
  {
    "fileName": "bosque_card_015.png",
    "theme": "bosque",
    "originalPath": "C:\\Proyectos\\MemoFlip\\memoflip-nextjs\\public\\themes\\004_bosque\\card_015.png"
  },
  {
    "fileName": "bosque_card_016.png",
    "theme": "bosque",
    "originalPath": "C:\\Proyectos\\MemoFlip\\memoflip-nextjs\\public\\themes\\004_bosque\\card_016.png"
  },
  {
    "fileName": "bosque_card_017.png",
    "theme": "bosque",
    "originalPath": "C:\\Proyectos\\MemoFlip\\memoflip-nextjs\\public\\themes\\004_bosque\\card_017.png"
  },
  {
    "fileName": "bosque_card_018.png",
    "theme": "bosque",
    "originalPath": "C:\\Proyectos\\MemoFlip\\memoflip-nextjs\\public\\themes\\004_bosque\\card_018.png"
  },
  {
    "fileName": "bosque_card_019.png",
    "theme": "bosque",
    "originalPath": "C:\\Proyectos\\MemoFlip\\memoflip-nextjs\\public\\themes\\004_bosque\\card_019.png"
  },
  {
    "fileName": "bosque_card_020.png",
    "theme": "bosque",
    "originalPath": "C:\\Proyectos\\MemoFlip\\memoflip-nextjs\\public\\themes\\004_bosque\\card_020.png"
  },
  {
    "fileName": "bosque_card_021.png",
    "theme": "bosque",
    "originalPath": "C:\\Proyectos\\MemoFlip\\memoflip-nextjs\\public\\themes\\004_bosque\\card_021.png"
  },
  {
    "fileName": "bosque_card_022.png",
    "theme": "bosque",
    "originalPath": "C:\\Proyectos\\MemoFlip\\memoflip-nextjs\\public\\themes\\004_bosque\\card_022.png"
  },
  {
    "fileName": "bosque_card_023.png",
    "theme": "bosque",
    "originalPath": "C:\\Proyectos\\MemoFlip\\memoflip-nextjs\\public\\themes\\004_bosque\\card_023.png"
  },
  {
    "fileName": "bosque_card_024.png",
    "theme": "bosque",
    "originalPath": "C:\\Proyectos\\MemoFlip\\memoflip-nextjs\\public\\themes\\004_bosque\\card_024.png"
  },
  {
    "fileName": "bosque_card_025.png",
    "theme": "bosque",
    "originalPath": "C:\\Proyectos\\MemoFlip\\memoflip-nextjs\\public\\themes\\004_bosque\\card_025.png"
  },
  {
    "fileName": "bosque_card_026.png",
    "theme": "bosque",
    "originalPath": "C:\\Proyectos\\MemoFlip\\memoflip-nextjs\\public\\themes\\004_bosque\\card_026.png"
  },
  {
    "fileName": "bosque_card_027.png",
    "theme": "bosque",
    "originalPath": "C:\\Proyectos\\MemoFlip\\memoflip-nextjs\\public\\themes\\004_bosque\\card_027.png"
  },
  {
    "fileName": "bosque_card_028.png",
    "theme": "bosque",
    "originalPath": "C:\\Proyectos\\MemoFlip\\memoflip-nextjs\\public\\themes\\004_bosque\\card_028.png"
  },
  {
    "fileName": "bosque_card_029.png",
    "theme": "bosque",
    "originalPath": "C:\\Proyectos\\MemoFlip\\memoflip-nextjs\\public\\themes\\004_bosque\\card_029.png"
  },
  {
    "fileName": "bosque_card_030.png",
    "theme": "bosque",
    "originalPath": "C:\\Proyectos\\MemoFlip\\memoflip-nextjs\\public\\themes\\004_bosque\\card_030.png"
  },
  {
    "fileName": "montana_card_001.png",
    "theme": "montana",
    "originalPath": "C:\\Proyectos\\MemoFlip\\memoflip-nextjs\\public\\themes\\005_montana\\card_001.png"
  },
  {
    "fileName": "montana_card_002.png",
    "theme": "montana",
    "originalPath": "C:\\Proyectos\\MemoFlip\\memoflip-nextjs\\public\\themes\\005_montana\\card_002.png"
  },
  {
    "fileName": "montana_card_003.png",
    "theme": "montana",
    "originalPath": "C:\\Proyectos\\MemoFlip\\memoflip-nextjs\\public\\themes\\005_montana\\card_003.png"
  },
  {
    "fileName": "montana_card_004.png",
    "theme": "montana",
    "originalPath": "C:\\Proyectos\\MemoFlip\\memoflip-nextjs\\public\\themes\\005_montana\\card_004.png"
  },
  {
    "fileName": "montana_card_005.png",
    "theme": "montana",
    "originalPath": "C:\\Proyectos\\MemoFlip\\memoflip-nextjs\\public\\themes\\005_montana\\card_005.png"
  },
  {
    "fileName": "montana_card_006.png",
    "theme": "montana",
    "originalPath": "C:\\Proyectos\\MemoFlip\\memoflip-nextjs\\public\\themes\\005_montana\\card_006.png"
  },
  {
    "fileName": "montana_card_007.png",
    "theme": "montana",
    "originalPath": "C:\\Proyectos\\MemoFlip\\memoflip-nextjs\\public\\themes\\005_montana\\card_007.png"
  }
]